feature,importance
ca,0.14169022566490963
oldpeak,0.11166708190845052
cp,0.1067834361040572
thalach,0.10268170665928751
age,0.09294783605630948
thal,0.08695180377581994
chol,0.07593045414681339
exang,0.07379761912910322
trestbps,0.06696932627254065
slope,0.04721829607477227
sex,0.03725894284839878
restecg,0.018968546079506828
resting_hr,0.011451169288074698
avg_hr,0.00912965820718631
fbs,0.008374590383358959
hrv_proxy,0.008179307401410714
date,0.0
steps,0.0
