feature,shap_importance
w_avg_hr,1.5977443721338938
calories,0.7516663674971494
w_resting_hr,0.4024257544657612
thalach,0.2927967956857173
steps,0.27139655722153105
trestbps,0.21672740731457518
sex,0.15479599339694208
chol,0.10717476993151609
bp_cat_enc,0.0855284554373887
age,0.0845063191773494
bmi,0.05697371679729146
lifestyle_score,0.010916186304755455
activity_level_enc,7.339488317331586e-05
